date,waterbody,site,length,mass,loglength,logmass
6/28/2018,Susquehanna River,Cooperstown Dam,30.88,7.18,3.430108725,1.971299383
6/28/2018,Susquehanna River,Cooperstown Dam,31.18,6.85,3.439776864,1.924248652
6/28/2018,Susquehanna River,Cooperstown Dam,31.15,6.75,3.438814245,1.909542505
6/28/2018,Susquehanna River,Cooperstown Dam,29.28,6.46,3.376904689,1.865629318
6/28/2018,Susquehanna River,Cooperstown Dam,28.31,6.14,3.343215099,1.814824742
6/28/2018,Susquehanna River,Cooperstown Dam,30.55,5.99,3.419364686,1.790091412
6/28/2018,Susquehanna River,Cooperstown Dam,27.15,5.58,3.301377046,1.719188776
6/28/2018,Susquehanna River,Cooperstown Dam,28.83,4.95,3.361416512,1.599387577
6/28/2018,Susquehanna River,Cooperstown Dam,27,4.85,3.295836866,1.578978705
6/28/2018,Susquehanna River,Cooperstown Dam,28.65,4.81,3.355153443,1.570697084
6/28/2018,Susquehanna River,Cooperstown Dam,27.29,4.57,3.306520335,1.519513205
6/28/2018,Susquehanna River,Cooperstown Dam,28.44,4.5,3.347796605,1.504077397
6/28/2018,Susquehanna River,Cooperstown Dam,25.75,4.19,3.248434627,1.432700734
6/28/2018,Susquehanna River,Cooperstown Dam,25.79,4,3.24998682,1.386294361
6/28/2018,Susquehanna River,Cooperstown Dam,23.64,3.41,3.162940193,1.226712291
6/28/2018,Susquehanna River,Cooperstown Dam,24.27,3.34,3.18924102,1.205970807
6/28/2018,Susquehanna River,Cooperstown Dam,24.34,2.94,3.192121088,1.078409581
6/28/2018,Susquehanna River,Cooperstown Dam,24.17,2.91,3.185112195,1.068153081
6/28/2018,Susquehanna River,Cooperstown Dam,23.07,2.9,3.138533072,1.064710737
6/28/2018,Susquehanna River,Cooperstown Dam,22.35,2.85,3.106826321,1.047318994
6/28/2018,Susquehanna River,Cooperstown Dam,21.82,2.82,3.08282698,1.036736885
6/28/2018,Susquehanna River,Cooperstown Dam,21.67,2.78,3.075928816,1.022450928
6/28/2018,Susquehanna River,Cooperstown Dam,21.17,2.75,3.052585085,1.011600912
6/28/2018,Susquehanna River,Cooperstown Dam,22.07,2.55,3.09421922,0.936093359
6/28/2018,Susquehanna River,Cooperstown Dam,21.73,2.54,3.078693794,0.932164081
6/28/2018,Susquehanna River,Cooperstown Dam,21.61,2.42,3.073156171,0.88376754
6/28/2018,Susquehanna River,Cooperstown Dam,20.63,2.29,3.026746327,0.828551818
6/28/2018,Susquehanna River,Cooperstown Dam,21.54,2.23,3.069911672,0.802001585
6/28/2018,Susquehanna River,Cooperstown Dam,21.69,2.22,3.076851325,0.797507196
6/28/2018,Susquehanna River,Cooperstown Dam,20.24,2.19,3.007660844,0.783901544
6/28/2018,Susquehanna River,Cooperstown Dam,20.55,2.16,3.022860941,0.770108222
6/28/2018,Susquehanna River,Cooperstown Dam,21.22,2.15,3.054944133,0.765467842
6/28/2018,Susquehanna River,Cooperstown Dam,20.28,2.14,3.009635179,0.760805829
6/28/2018,Susquehanna River,Cooperstown Dam,21.12,2.12,3.050220459,0.751416089
6/28/2018,Susquehanna River,Cooperstown Dam,21.3,2.09,3.058707073,0.737164066
6/28/2018,Susquehanna River,Cooperstown Dam,20.77,2.08,3.033509638,0.732367894
6/28/2018,Susquehanna River,Cooperstown Dam,21.57,2.05,3.07130346,0.717839793
6/28/2018,Susquehanna River,Cooperstown Dam,21.29,2.03,3.058237479,0.708035793
6/28/2018,Susquehanna River,Cooperstown Dam,20.72,2.01,3.031099417,0.698134722
6/28/2018,Susquehanna River,Cooperstown Dam,21.24,1.96,3.055886196,0.672944473
6/28/2018,Susquehanna River,Cooperstown Dam,20.92,1.93,3.040705639,0.657520003
6/28/2018,Susquehanna River,Cooperstown Dam,21.54,1.92,3.069911672,0.652325186
6/28/2018,Susquehanna River,Cooperstown Dam,19.22,1.92,2.955951404,0.652325186
6/28/2018,Susquehanna River,Cooperstown Dam,20.48,1.91,3.0194488,0.647103242
6/28/2018,Susquehanna River,Cooperstown Dam,19.51,1.88,2.970927155,0.631271777
6/28/2018,Susquehanna River,Cooperstown Dam,20.6,1.86,3.025291076,0.620576488
6/28/2018,Susquehanna River,Cooperstown Dam,19.51,1.86,2.970927155,0.620576488
6/28/2018,Susquehanna River,Cooperstown Dam,18.89,1.8,2.938632682,0.587786665
6/28/2018,Susquehanna River,Cooperstown Dam,19.44,1.71,2.967332799,0.536493371
6/28/2018,Susquehanna River,Cooperstown Dam,18.61,1.7,2.923699071,0.530628251
6/28/2018,Susquehanna River,Cooperstown Dam,18.77,1.6,2.932259851,0.470003629
6/28/2018,Susquehanna River,Cooperstown Dam,19.18,1.57,2.953868069,0.451075619
6/28/2018,Susquehanna River,Cooperstown Dam,19.5,1.54,2.970414466,0.431782416
6/28/2018,Susquehanna River,Cooperstown Dam,19.44,1.5,2.967332799,0.405465108
6/28/2018,Susquehanna River,Cooperstown Dam,18.85,1.49,2.936512914,0.39877612
6/28/2018,Susquehanna River,Cooperstown Dam,18.96,1.44,2.942331497,0.364643114
6/28/2018,Susquehanna River,Cooperstown Dam,17.5,1.37,2.862200881,0.31481074
6/28/2018,Susquehanna River,Cooperstown Dam,17.61,1.33,2.868466923,0.285178942
6/28/2018,Susquehanna River,Cooperstown Dam,17.6,1.26,2.867898902,0.231111721
6/28/2018,Susquehanna River,Cooperstown Dam,17.77,1.22,2.877511642,0.198850859
6/28/2018,Susquehanna River,Cooperstown Dam,17.02,1.2,2.834389123,0.182321557
6/28/2018,Susquehanna River,Cooperstown Dam,17.42,1.19,2.857618971,0.173953307
6/28/2018,Susquehanna River,Cooperstown Dam,17.49,1.18,2.861629289,0.165514438
6/28/2018,Susquehanna River,Cooperstown Dam,16.76,1.11,2.818995095,0.104360015
6/28/2018,Susquehanna River,Cooperstown Dam,16.42,1.08,2.798500104,0.076961041
6/28/2018,Susquehanna River,Cooperstown Dam,15.83,0.97,2.761906874,-0.030459207
6/28/2018,Susquehanna River,Cooperstown Dam,16.4,0.95,2.797281335,-0.051293294
6/28/2018,Susquehanna River,Cooperstown Dam,16.07,0.91,2.77695418,-0.094310679
6/28/2018,Susquehanna River,Cooperstown Dam,14.54,0.85,2.676903472,-0.162518929
6/28/2018,Susquehanna River,Cooperstown Dam,14.94,0.83,2.70404218,-0.186329578
6/28/2018,Susquehanna River,Cooperstown Dam,15.02,0.75,2.709382646,-0.287682072
6/28/2018,Susquehanna River,Cooperstown Dam,14.5,0.75,2.674148649,-0.287682072
6/28/2018,Susquehanna River,Cooperstown Dam,14.06,0.71,2.643333886,-0.342490309
6/28/2018,Susquehanna River,Cooperstown Dam,14.37,0.66,2.6651427,-0.415515444
6/28/2018,Susquehanna River,Cooperstown Dam,13.82,0.66,2.626116818,-0.415515444
6/28/2018,Susquehanna River,Cooperstown Dam,14.19,0.62,2.652537491,-0.478035801
6/28/2018,Susquehanna River,Cooperstown Dam,14.8,0.6,2.694627181,-0.510825624
6/28/2018,Susquehanna River,Cooperstown Dam,14.55,0.59,2.677590994,-0.527632742
6/28/2018,Susquehanna River,Cooperstown Dam,13.08,0.59,2.571084346,-0.527632742
6/28/2018,Susquehanna River,Cooperstown Dam,13.27,0.56,2.585505848,-0.579818495
6/28/2018,Susquehanna River,Cooperstown Dam,13.03,0.53,2.567254391,-0.634878272
6/28/2018,Susquehanna River,Cooperstown Dam,12.2,0.48,2.501435952,-0.733969175
6/28/2018,Susquehanna River,Cooperstown Dam,12.43,0.45,2.520112906,-0.798507696
6/28/2018,Susquehanna River,Cooperstown Dam,11.9,0.43,2.4765384,-0.84397007
6/28/2018,Susquehanna River,Cooperstown Dam,6.39,0.05,1.854734268,-2.995732274
6/29/2018,Susquehanna River,Colliersville,42.21,16.53,3.74265716,2.805176912
6/29/2018,Susquehanna River,Colliersville,38.45,12.62,3.649358696,2.535282857
6/29/2018,Otego Creek,Route 23,37.4,12.52,3.621670704,2.527327366
6/29/2018,Susquehanna River,Colliersville,36.04,11.7,3.584629433,2.459588842
6/29/2018,Otego Creek,Route 23,34.99,10.63,3.555062306,2.363680192
6/29/2018,Susquehanna River,Colliersville,35.19,9.65,3.560761951,2.266957915
6/29/2018,Susquehanna River,Colliersville,34.33,9.24,3.536019607,2.223541886
6/29/2018,Susquehanna River,Colliersville,33.54,8.91,3.512738756,2.187174241
6/29/2018,Otego Creek,Route 23,34.53,8.75,3.541828511,2.1690537
6/29/2018,Susquehanna River,Colliersville,32.06,8.41,3.467609147,2.129421474
6/29/2018,Susquehanna River,Colliersville,32.34,8.25,3.476304854,2.1102132
6/29/2018,Susquehanna River,Colliersville,33.05,8.02,3.498021566,2.081938422
6/29/2018,Otego Creek,Route 23,34.29,7.99,3.534853766,2.07819076
6/29/2018,Susquehanna River,Colliersville,32.03,7.78,3.466672964,2.051556338
6/29/2018,Susquehanna River,Colliersville,31.68,7.59,3.455685567,2.026831591
6/29/2018,Susquehanna River,Colliersville,31.08,7.42,3.436564525,2.004179057
6/29/2018,Susquehanna River,Colliersville,29.84,6.54,3.395849775,1.877937165
6/29/2018,Susquehanna River,Colliersville,30.02,6.53,3.401863826,1.876406943
6/29/2018,Susquehanna River,Colliersville,29.64,6.32,3.3891248,1.843719208
6/29/2018,Susquehanna River,Colliersville,29.31,5.97,3.377928755,1.786746927
6/29/2018,Susquehanna River,Colliersville,30.34,5.94,3.412466974,1.781709133
6/29/2018,Susquehanna River,Colliersville,29.39,5.89,3.38065448,1.773255998
6/29/2018,Otego Creek,Route 23,29.86,5.89,3.396519792,1.773255998
6/29/2018,Susquehanna River,Colliersville,28.81,5.86,3.360722549,1.768149604
6/29/2018,Susquehanna River,Colliersville,29.59,5.85,3.387436466,1.766441661
6/29/2018,Susquehanna River,Colliersville,28.36,5.82,3.344979702,1.761300262
6/29/2018,Susquehanna River,Colliersville,26.94,5.13,3.293612171,1.635105659
6/29/2018,Susquehanna River,Colliersville,27.89,4.95,3.328268202,1.599387577
6/29/2018,Susquehanna River,Colliersville,20.53,4.94,3.021887231,1.597365331
6/29/2018,Susquehanna River,Colliersville,28.24,4.84,3.340739413,1.576914721
6/29/2018,Otego Creek,Route 23,27.08,4.81,3.298795448,1.570697084
6/29/2018,Susquehanna River,Colliersville,26.95,4.73,3.293983297,1.553925203
6/29/2018,Susquehanna River,Colliersville,26.31,4.4,3.269949095,1.481604541
6/29/2018,Susquehanna River,Colliersville,25.37,4.07,3.233567374,1.403642999
6/29/2018,Susquehanna River,Colliersville,25.8,4.06,3.250374492,1.401182974
6/29/2018,Otego Creek,Route 23,24.98,3.99,3.218075505,1.383791231
6/29/2018,Susquehanna River,Colliersville,25.36,3.91,3.23317313,1.363537374
6/29/2018,Susquehanna River,Colliersville,24.13,3.89,3.18345588,1.358409158
6/29/2018,Susquehanna River,Colliersville,25.88,3.83,3.25347047,1.342864803
6/29/2018,Susquehanna River,Colliersville,25.33,3.82,3.231989464,1.340250423
6/29/2018,Otego Creek,Route 23,23.7,3.79,3.165475048,1.332366019
6/29/2018,Otego Creek,Route 23,26.95,3.76,3.293983297,1.324418957
6/29/2018,Otego Creek,Route 23,27.63,3.71,3.318902139,1.311031877
6/29/2018,Susquehanna River,Colliersville,24.84,3.6,3.212455257,1.280933845
6/29/2018,Susquehanna River,Colliersville,24.5,3.47,3.198673118,1.244154594
6/29/2018,Susquehanna River,Colliersville,35.12,3.45,3.558770769,1.238374231
6/29/2018,Susquehanna River,Colliersville,24.7,3.39,3.206803244,1.220829921
6/29/2018,Otego Creek,Route 23,24.65,3.38,3.2047769,1.217875709
6/29/2018,Susquehanna River,Colliersville,23.77,3.35,3.168424281,1.208960346
6/29/2018,Susquehanna River,Colliersville,24.93,3.27,3.216071898,1.184789985
6/29/2018,Susquehanna River,Colliersville,21.02,3.21,3.045474365,1.166270937
6/29/2018,Otego Creek,Route 23,23.8,3.09,3.169685581,1.128171091
6/29/2018,Otego Creek,Route 23,24.06,2.97,3.180550711,1.088561953
6/29/2018,Susquehanna River,Colliersville,24.26,2.95,3.188828904,1.08180517
6/29/2018,Otego Creek,Route 23,23.84,2.82,3.171364842,1.036736885
6/29/2018,Susquehanna River,Colliersville,23.37,2.74,3.151453149,1.00795792
6/29/2018,Otego Creek,Route 23,23.97,2.68,3.176803048,0.985816795
6/29/2018,Susquehanna River,Colliersville,24.4,2.67,3.194583132,0.982078472
6/29/2018,Susquehanna River,Colliersville,22.19,2.64,3.099641737,0.970778917
6/29/2018,Otego Creek,Route 23,21.86,2.5,3.084658483,0.916290732
6/29/2018,Otego Creek,Route 23,24.27,2.49,3.18924102,0.91228271
6/29/2018,Susquehanna River,Colliersville,20.83,2.28,3.036394255,0.824175443
6/29/2018,Susquehanna River,Colliersville,21.61,2.25,3.073156171,0.810930216
6/29/2018,Susquehanna River,Colliersville,21.01,2.22,3.044998515,0.797507196
6/29/2018,Susquehanna River,Colliersville,21.09,2.16,3.048798994,0.770108222
6/29/2018,Susquehanna River,Colliersville,20.92,2.16,3.040705639,0.770108222
6/29/2018,Susquehanna River,Colliersville,20.74,2.15,3.032064203,0.765467842
6/29/2018,Susquehanna River,Colliersville,20.96,2.09,3.042615859,0.737164066
6/29/2018,Otego Creek,Route 23,21.91,2.09,3.086943154,0.737164066
6/29/2018,Susquehanna River,Colliersville,20.54,1.89,3.022374205,0.636576829
6/29/2018,Susquehanna River,Colliersville,20.11,1.84,3.001217204,0.609765572
6/29/2018,Otego Creek,Route 23,21.09,1.82,3.048798994,0.598836501
6/29/2018,Susquehanna River,Colliersville,20.14,1.76,3.002707887,0.565313809
6/29/2018,Susquehanna River,Colliersville,19.69,1.76,2.980110893,0.565313809
6/29/2018,Otego Creek,Route 23,18.37,1.5,2.910718899,0.405465108
6/29/2018,Susquehanna River,Colliersville,18.72,1.48,2.929592471,0.392042088
6/29/2018,Susquehanna River,Colliersville,19.42,1.33,2.966303463,0.285178942
6/29/2018,Otego Creek,Route 23,17.03,1,2.834976495,0
6/29/2018,Otego Creek,Route 23,15.87,0.79,2.764430535,-0.235722334
7/9/2018,Butternut Creek,Bailey Road,31.91,6.78,3.46291944,1.913977102
7/9/2018,Butternut Creek,Bailey Road,27.79,4.83,3.324676244,1.574846468
7/9/2018,Butternut Creek,Bailey Road,27.02,4.68,3.296577333,1.54329811
7/9/2018,Butternut Creek,Bailey Road,23.07,3.51,3.138533072,1.255616037
7/9/2018,Butternut Creek,Bailey Road,23.67,3.43,3.164208424,1.232560261
7/9/2018,Butternut Creek,Bailey Road,25.49,3.34,3.238286218,1.205970807
7/9/2018,Butternut Creek,Bailey Road,24.45,3.15,3.196630216,1.147402453
7/9/2018,Butternut Creek,Bailey Road,23.3,2.93,3.148453361,1.075002423
7/9/2018,Butternut Creek,Bailey Road,22.32,2.49,3.105483138,0.91228271
7/9/2018,Butternut Creek,Bailey Road,21.88,2.25,3.085572978,0.810930216
7/9/2018,Butternut Creek,Bailey Road,21.41,1.78,3.063858103,0.576613364
7/9/2018,Butternut Creek,Bailey Road,16.55,0.91,2.806386102,-0.094310679
7/9/2018,Butternut Creek,Bailey Road,9.77,0.18,2.279316466,-1.714798428
7/9/2018,Butternut Creek,Bailey Road,8.99,0.12,2.196112848,-2.120263536
7/9/2018,Butternut Creek,Bailey Road,8.87,0.12,2.182674796,-2.120263536
7/9/2018,Butternut Creek,Bailey Road,8.74,0.11,2.16791019,-2.207274913
7/9/2018,Butternut Creek,Bailey Road,8.04,0.1,2.084429083,-2.302585093
7/9/2018,Butternut Creek,Bailey Road,7.9,0.08,2.066862759,-2.525728644
7/9/2018,Butternut Creek,Bailey Road,7.56,0.07,2.02287119,-2.659260037
7/9/2018,Butternut Creek,Bailey Road,7.25,0.06,1.981001469,-2.813410717
7/12/2018,Wharton Creek,Route 80,39.67,16.68,3.680595235,2.814210397
7/12/2018,Wharton Creek,Route 80,35.33,11.94,3.564732461,2.479894108
7/12/2018,Wharton Creek,Route 80,35.25,11.51,3.562465529,2.443216223
7/12/2018,Wharton Creek,Route 80,35.12,10.37,3.558770769,2.338917022
7/12/2018,Wharton Creek,Route 80,34.18,10.29,3.531640678,2.33117255
7/12/2018,Wharton Creek,Route 80,33.91,10,3.523709956,2.302585093
7/12/2018,Wharton Creek,Route 80,31.71,9.27,3.456632089,2.22678338
7/12/2018,Wharton Creek,Route 80,32.2,9.15,3.471966453,2.213753879
7/12/2018,Wharton Creek,Route 80,32.26,8.15,3.473828073,2.098017927
7/12/2018,Wharton Creek,Route 80,30.98,7.76,3.433341835,2.048982334
7/12/2018,Wharton Creek,Route 80,31.45,7.56,3.448398983,2.02287119
7/12/2018,Wharton Creek,Route 80,31.54,7.48,3.451256582,2.012232792
7/12/2018,Wharton Creek,Route 80,29.97,7.26,3.400196881,1.982379829
7/12/2018,Wharton Creek,Route 80,29.82,6.98,3.395179309,1.943048917
7/12/2018,Wharton Creek,Route 80,29.09,6.66,3.370394473,1.896119485
7/12/2018,Wharton Creek,Route 80,29.29,6.49,3.377246161,1.870262531
7/12/2018,Wharton Creek,Route 80,29.28,5.97,3.376904689,1.786746927
7/12/2018,Wharton Creek,Route 80,28.61,5.84,3.353756307,1.764730797
7/12/2018,Wharton Creek,Route 80,28.32,5.67,3.343568269,1.735189118
7/12/2018,Wharton Creek,Route 80,28.43,5.6,3.347444926,1.722766598
7/12/2018,Wharton Creek,Route 80,27.84,5.45,3.326473835,1.695615609
7/12/2018,Wharton Creek,Route 80,27.56,5.2,3.316365446,1.648658626
7/12/2018,Wharton Creek,Route 80,26.77,5.18,3.287281858,1.644805056
7/12/2018,Wharton Creek,Route 80,27.94,5.16,3.330059354,1.640936579
7/12/2018,Wharton Creek,Route 80,28.66,5.12,3.355502422,1.633154439
7/12/2018,Wharton Creek,Route 80,27.05,4.94,3.297687005,1.597365331
7/12/2018,Wharton Creek,Route 80,26.58,4.85,3.280159053,1.578978705
7/12/2018,Wharton Creek,Route 80,25.84,4.79,3.251923679,1.566530411
7/12/2018,Wharton Creek,Route 80,25.02,4.39,3.219675505,1.479329227
7/12/2018,Wharton Creek,Route 80,26.26,4.01,3.268046869,1.388791241
7/12/2018,Wharton Creek,Route 80,24.75,3.54,3.208825489,1.264126727
7/12/2018,Wharton Creek,Route 80,24.51,3.46,3.199081198,1.241268589
7/12/2018,Wharton Creek,Route 80,23.86,3.43,3.172203417,1.232560261
7/12/2018,Wharton Creek,Route 80,23.91,3.36,3.174296781,1.211940974
7/12/2018,Wharton Creek,Route 80,25.04,3.32,3.220474546,1.199964783
7/12/2018,Wharton Creek,Route 80,23.73,3.21,3.16674007,1.166270937
7/12/2018,Wharton Creek,Route 80,22.1,3.1,3.095577609,1.131402111
7/12/2018,Wharton Creek,Route 80,23.41,3.04,3.153163282,1.111857515
7/12/2018,Wharton Creek,Route 80,22.98,2.9,3.134624272,1.064710737
7/12/2018,Wharton Creek,Route 80,23.82,2.88,3.170525564,1.057790294
7/12/2018,Wharton Creek,Route 80,22.42,2.77,3.109953418,1.01884732
7/12/2018,Wharton Creek,Route 80,22.42,2.71,3.109953418,0.996948635
7/12/2018,Wharton Creek,Route 80,22.82,2.68,3.127637344,0.985816795
7/12/2018,Wharton Creek,Route 80,24.43,2.57,3.195811885,0.943905899
7/12/2018,Wharton Creek,Route 80,21.38,2.55,3.062455906,0.936093359
7/12/2018,Wharton Creek,Route 80,24.91,2.54,3.215269329,0.932164081
7/12/2018,Wharton Creek,Route 80,21.08,2.51,3.048324724,0.920282753
7/12/2018,Wharton Creek,Route 80,22.04,2.47,3.092858984,0.904218151
7/12/2018,Wharton Creek,Route 80,21.97,2.46,3.089677886,0.90016135
7/12/2018,Wharton Creek,Route 80,21.49,2.42,3.067587711,0.88376754
7/12/2018,Wharton Creek,Route 80,21.25,2.31,3.056356895,0.837247525
7/12/2018,Wharton Creek,Route 80,21.33,2.27,3.060114532,0.819779831
7/12/2018,Wharton Creek,Route 80,21.08,2.27,3.048324724,0.819779831
7/12/2018,Wharton Creek,Route 80,21.33,2.25,3.060114532,0.810930216
7/12/2018,Wharton Creek,Route 80,20.96,2.21,3.042615859,0.792992516
7/12/2018,Wharton Creek,Route 80,20.33,2.13,3.012097628,0.75612198
7/12/2018,Wharton Creek,Route 80,20.8,1.96,3.034952987,0.672944473
7/12/2018,Wharton Creek,Route 80,19.8,1.93,2.985681938,0.657520003
7/12/2018,Wharton Creek,Route 80,20.52,1.91,3.02140002,0.647103242
7/12/2018,Wharton Creek,Route 80,19.11,1.76,2.950211758,0.565313809
7/12/2018,Wharton Creek,Route 80,19.08,1.64,2.948640666,0.494696242
7/12/2018,Wharton Creek,Route 80,18.83,1.61,2.935451343,0.476234179
7/12/2018,Wharton Creek,Route 80,18.31,1.51,2.907447359,0.412109651
7/12/2018,Wharton Creek,Route 80,18.27,1.49,2.90526037,0.39877612
7/12/2018,Wharton Creek,Route 80,17.76,1.42,2.876948738,0.350656872
7/12/2018,Wharton Creek,Route 80,18.15,1.24,2.898670561,0.21511138
7/12/2018,Wharton Creek,Route 80,9.53,0.18,2.254444718,-1.714798428
7/12/2018,Wharton Creek,Route 80,9.37,0.18,2.237513096,-1.714798428
7/12/2018,Wharton Creek,Route 80,9.71,0.17,2.273156282,-1.771956842
7/12/2018,Wharton Creek,Route 80,8.32,0.11,2.118662255,-2.207274913
7/12/2018,Wharton Creek,Route 80,7.89,0.1,2.065596135,-2.302585093
7/12/2018,Wharton Creek,Route 80,6.91,0.06,1.932969638,-2.813410717
7/20/2018,Susquehanna River,Fortin Park,41.72,17.52,3.73098063,2.863343086
7/20/2018,Charlotte Creek,Fortin Park,38.96,15.08,3.662535479,2.713369363
7/20/2018,Susquehanna River,Fortin Park,38.05,14.28,3.638901084,2.658859957
7/20/2018,Charlotte Creek,Fortin Park,37.56,13.78,3.625939654,2.623218266
7/20/2018,Charlotte Creek,Fortin Park,40.08,13.39,3.690877457,2.59450816
7/20/2018,Susquehanna River,Fortin Park,37.86,12.72,3.633895146,2.543175558
7/20/2018,Susquehanna River,Fortin Park,34.94,11.84,3.553632305,2.471483629
7/20/2018,Charlotte Creek,Fortin Park,37.14,11.79,3.614694556,2.467251715
7/20/2018,Susquehanna River,Fortin Park,36.05,11.66,3.584906864,2.456164181
7/20/2018,Charlotte Creek,Fortin Park,36.24,11.56,3.590163481,2.447550863
7/20/2018,Charlotte Creek,Fortin Park,35.87,11.44,3.579901292,2.437115986
7/20/2018,Susquehanna River,Fortin Park,34.45,10.89,3.539508997,2.387844937
7/20/2018,Charlotte Creek,Fortin Park,33.74,10.46,3.518684077,2.347558459
7/20/2018,Charlotte Creek,Fortin Park,34.25,10.03,3.533686565,2.305580602
7/20/2018,Charlotte Creek,Fortin Park,35.07,10.01,3.557346064,2.303584593
7/20/2018,Charlotte Creek,Fortin Park,34.68,9.94,3.546163152,2.296567021
7/20/2018,Charlotte Creek,Fortin Park,34.45,9.83,3.539508997,2.285438934
7/20/2018,Susquehanna River,Fortin Park,32.93,9.65,3.494384096,2.266957915
7/20/2018,Charlotte Creek,Fortin Park,32.07,9.22,3.467921014,2.221375038
7/20/2018,Charlotte Creek,Fortin Park,33.75,8.6,3.518980417,2.151762203
7/20/2018,Charlotte Creek,Fortin Park,32.38,8.15,3.477540948,2.098017927
7/20/2018,Charlotte Creek,Fortin Park,32.12,7.73,3.469478889,2.045108863
7/20/2018,Susquehanna River,Fortin Park,30.6,7.45,3.421000009,2.008214032
7/20/2018,Charlotte Creek,Fortin Park,31.24,7.38,3.441699325,1.998773639
7/20/2018,Susquehanna River,Fortin Park,30.91,7.21,3.431079756,1.975468951
7/20/2018,Susquehanna River,Fortin Park,30.93,7,3.431726587,1.945910149
7/20/2018,Susquehanna River,Fortin Park,27.67,6.98,3.320348794,1.943048917
7/20/2018,Susquehanna River,Fortin Park,30.05,6.85,3.402862661,1.924248652
7/20/2018,Charlotte Creek,Fortin Park,30.51,6.81,3.418054499,1.91839212
7/20/2018,Charlotte Creek,Fortin Park,29.98,6.7,3.400530493,1.902107526
7/20/2018,Charlotte Creek,Fortin Park,30.75,6.5,3.425889994,1.871802177
7/20/2018,Susquehanna River,Fortin Park,29.23,6.17,3.375195579,1.819698838
7/20/2018,Susquehanna River,Fortin Park,27.87,6,3.327550841,1.791759469
7/20/2018,Susquehanna River,Fortin Park,29.41,5.97,3.381334753,1.786746927
7/20/2018,Susquehanna River,Fortin Park,28.04,5.74,3.333632062,1.74745921
7/20/2018,Susquehanna River,Fortin Park,28.13,5.73,3.336836623,1.745715531
7/20/2018,Charlotte Creek,Fortin Park,28.93,5.62,3.364879119,1.726331664
7/20/2018,Charlotte Creek,Fortin Park,27.64,5.54,3.319263999,1.711994501
7/20/2018,Susquehanna River,Fortin Park,26.52,5.38,3.277899165,1.682688374
7/20/2018,Susquehanna River,Fortin Park,27.92,5.18,3.329343278,1.644805056
7/20/2018,Susquehanna River,Fortin Park,26.61,5.14,3.281287085,1.637053079
7/20/2018,Susquehanna River,Fortin Park,26.68,5.06,3.283914221,1.621366483
7/20/2018,Charlotte Creek,Fortin Park,27.67,4.93,3.320348794,1.595338988
7/20/2018,Susquehanna River,Fortin Park,26.48,4.86,3.276389731,1.581038438
7/20/2018,Charlotte Creek,Fortin Park,26.03,4.78,3.259249719,1.564440547
7/20/2018,Susquehanna River,Fortin Park,25.85,4.76,3.252310601,1.560247668
7/20/2018,Susquehanna River,Fortin Park,25.48,4.76,3.237893831,1.560247668
7/20/2018,Susquehanna River,Fortin Park,26.37,4.72,3.272227,1.5518088
7/20/2018,Susquehanna River,Fortin Park,25.5,4.68,3.238678452,1.54329811
7/20/2018,Charlotte Creek,Fortin Park,26.82,4.66,3.289147878,1.539015448
7/20/2018,Charlotte Creek,Fortin Park,26.13,4.65,3.26308408,1.53686722
7/20/2018,Susquehanna River,Fortin Park,27.02,4.51,3.296577333,1.506297154
7/20/2018,Susquehanna River,Fortin Park,25.64,4.46,3.244153632,1.495148766
7/20/2018,Charlotte Creek,Fortin Park,26.27,4.45,3.268427604,1.492904096
7/20/2018,Susquehanna River,Fortin Park,24.8,4.36,3.210843653,1.472472057
7/20/2018,Charlotte Creek,Fortin Park,25.56,4.22,3.24102863,1.439835128
7/20/2018,Susquehanna River,Fortin Park,25.92,4.21,3.255014871,1.437462648
7/20/2018,Susquehanna River,Fortin Park,25.99,4.2,3.257711849,1.435084525
7/20/2018,Charlotte Creek,Fortin Park,25.99,4.1,3.257711849,1.410986974
7/20/2018,Charlotte Creek,Fortin Park,26.66,4.09,3.283164315,1.40854497
7/20/2018,Charlotte Creek,Fortin Park,26.19,4.06,3.265377659,1.401182974
7/20/2018,Susquehanna River,Fortin Park,24.64,4.06,3.204371139,1.401182974
7/20/2018,Susquehanna River,Fortin Park,24.54,3.92,3.200304439,1.366091654
7/20/2018,Charlotte Creek,Fortin Park,24.41,3.87,3.194992884,1.353254507
7/20/2018,Susquehanna River,Fortin Park,24.75,3.85,3.208825489,1.348073148
7/20/2018,Susquehanna River,Fortin Park,25.98,3.82,3.257327011,1.340250423
7/20/2018,Charlotte Creek,Fortin Park,25.06,3.79,3.221272949,1.332366019
7/20/2018,Susquehanna River,Fortin Park,23.07,3.79,3.138533072,1.332366019
7/20/2018,Charlotte Creek,Fortin Park,25.52,3.77,3.239462458,1.327075001
7/20/2018,Susquehanna River,Fortin Park,23.54,3.72,3.158701102,1.313723668
7/20/2018,Susquehanna River,Fortin Park,25.19,3.69,3.22644709,1.305626458
7/20/2018,Susquehanna River,Fortin Park,24.84,3.66,3.212455257,1.297463147
7/20/2018,Susquehanna River,Fortin Park,24.85,3.63,3.212857753,1.289232648
7/20/2018,Charlotte Creek,Fortin Park,24.57,3.62,3.201526187,1.286474026
7/20/2018,Charlotte Creek,Fortin Park,25,3.59,3.218875825,1.278152203
7/20/2018,Charlotte Creek,Fortin Park,24.72,3.51,3.207612633,1.255616037
7/20/2018,Charlotte Creek,Fortin Park,24.69,3.49,3.206398303,1.249901736
7/20/2018,Susquehanna River,Fortin Park,23.5,3.46,3.157000421,1.241268589
7/20/2018,Susquehanna River,Fortin Park,24,3.45,3.17805383,1.238374231
7/20/2018,Susquehanna River,Fortin Park,23.37,3.42,3.151453149,1.229640551
7/20/2018,Susquehanna River,Fortin Park,24.06,3.39,3.180550711,1.220829921
7/20/2018,Charlotte Creek,Fortin Park,24.94,3.32,3.21647294,1.199964783
7/20/2018,Susquehanna River,Fortin Park,21.74,3.3,3.079153882,1.193922468
7/20/2018,Charlotte Creek,Fortin Park,23.82,3.27,3.170525564,1.184789985
7/20/2018,Susquehanna River,Fortin Park,22.04,3.07,3.092858984,1.121677562
7/20/2018,Susquehanna River,Fortin Park,23.12,3.06,3.140698044,1.118414916
7/20/2018,Charlotte Creek,Fortin Park,24.57,3.04,3.201526187,1.111857515
7/20/2018,Susquehanna River,Fortin Park,23.42,3.04,3.153590358,1.111857515
7/20/2018,Susquehanna River,Fortin Park,23.05,3.04,3.137665769,1.111857515
7/20/2018,Susquehanna River,Fortin Park,24.1,2.96,3.18221184,1.085189268
7/20/2018,Charlotte Creek,Fortin Park,23.38,2.95,3.151880956,1.08180517
7/20/2018,Susquehanna River,Fortin Park,22.78,2.85,3.125882958,1.047318994
7/20/2018,Susquehanna River,Fortin Park,22.34,2.85,3.106378794,1.047318994
7/20/2018,Charlotte Creek,Fortin Park,22.56,2.81,3.116178427,1.033184483
7/20/2018,Charlotte Creek,Fortin Park,22.46,2.77,3.111735949,1.01884732
7/20/2018,Susquehanna River,Fortin Park,22.27,2.77,3.103240481,1.01884732
7/20/2018,Charlotte Creek,Fortin Park,22.7,2.76,3.122364924,1.01523068
7/20/2018,Charlotte Creek,Fortin Park,22.58,2.7,3.117064559,0.993251773
7/20/2018,Charlotte Creek,Fortin Park,22.01,2.7,3.091496896,0.993251773
7/20/2018,Charlotte Creek,Fortin Park,22.45,2.66,3.111290614,0.978326123
7/20/2018,Susquehanna River,Fortin Park,28.98,2.64,3.366605937,0.970778917
7/20/2018,Charlotte Creek,Fortin Park,22.27,2.6,3.103240481,0.955511445
7/20/2018,Charlotte Creek,Fortin Park,23.07,2.59,3.138533072,0.951657876
7/20/2018,Charlotte Creek,Fortin Park,23.16,2.58,3.142426653,0.947789399
7/20/2018,Charlotte Creek,Fortin Park,22.67,2.56,3.121042465,0.940007258
7/20/2018,Charlotte Creek,Fortin Park,22.05,2.54,3.093312602,0.932164081
7/20/2018,Charlotte Creek,Fortin Park,21.64,2.48,3.074543454,0.90825856
7/20/2018,Charlotte Creek,Fortin Park,20.95,2.48,3.042138646,0.90825856
7/20/2018,Susquehanna River,Fortin Park,22.71,2.47,3.122805356,0.904218151
7/20/2018,Charlotte Creek,Fortin Park,21.94,2.45,3.088311455,0.896088025
7/20/2018,Susquehanna River,Fortin Park,21.86,2.45,3.084658483,0.896088025
7/20/2018,Charlotte Creek,Fortin Park,21.72,2.41,3.078233495,0.879626748
7/20/2018,Charlotte Creek,Fortin Park,21.9,2.4,3.086486637,0.875468737
7/20/2018,Charlotte Creek,Fortin Park,21.53,2.4,3.069447311,0.875468737
7/20/2018,Susquehanna River,Fortin Park,21.12,2.4,3.050220459,0.875468737
7/20/2018,Susquehanna River,Fortin Park,21.59,2.32,3.072230245,0.841567186
7/20/2018,Charlotte Creek,Fortin Park,21.49,2.3,3.067587711,0.832909123
7/20/2018,Charlotte Creek,Fortin Park,21.64,2.29,3.074543454,0.828551818
7/20/2018,Charlotte Creek,Fortin Park,21.72,2.28,3.078233495,0.824175443
7/20/2018,Charlotte Creek,Fortin Park,18.81,2.21,2.934388643,0.792992516
7/20/2018,Susquehanna River,Fortin Park,19.88,2.09,2.989714201,0.737164066
7/20/2018,Charlotte Creek,Fortin Park,20.83,2.07,3.036394255,0.727548607
7/20/2018,Susquehanna River,Fortin Park,19.53,2.06,2.971951745,0.722705983
7/20/2018,Susquehanna River,Fortin Park,19.55,2.04,2.972975286,0.712949808
7/20/2018,Charlotte Creek,Fortin Park,21.33,2.03,3.060114532,0.708035793
7/20/2018,Charlotte Creek,Fortin Park,20.21,2,3.006177531,0.693147181
7/20/2018,Susquehanna River,Fortin Park,20.21,2,3.006177531,0.693147181
7/20/2018,Charlotte Creek,Fortin Park,19.6,1.99,2.975529566,0.688134639
7/20/2018,Charlotte Creek,Fortin Park,21.01,1.97,3.044998515,0.678033543
7/20/2018,Charlotte Creek,Fortin Park,20.43,1.97,3.017004409,0.678033543
7/20/2018,Charlotte Creek,Fortin Park,20.13,1.94,3.00221124,0.662687973
7/20/2018,Charlotte Creek,Fortin Park,20.21,1.93,3.006177531,0.657520003
7/20/2018,Susquehanna River,Fortin Park,19.31,1.83,2.960623096,0.604315967
7/20/2018,Charlotte Creek,Fortin Park,19.4,1.74,2.965273066,0.553885113
7/20/2018,Charlotte Creek,Fortin Park,19.37,1.69,2.963725477,0.524728529
7/20/2018,Charlotte Creek,Fortin Park,19.27,1.65,2.958549482,0.500775288
7/20/2018,Susquehanna River,Fortin Park,18.41,1.6,2.912893995,0.470003629
7/20/2018,Charlotte Creek,Fortin Park,18.98,1.53,2.943385793,0.425267735
7/20/2018,Charlotte Creek,Fortin Park,18.31,1.48,2.907447359,0.392042088
7/20/2018,Charlotte Creek,Fortin Park,19.07,1.44,2.94811642,0.364643114
7/20/2018,Charlotte Creek,Fortin Park,17.79,1.43,2.878636502,0.357674444
7/20/2018,Susquehanna River,Fortin Park,17.75,1.41,2.876385516,0.343589704
7/20/2018,Charlotte Creek,Fortin Park,18.22,1.26,2.902519892,0.231111721
7/20/2018,Charlotte Creek,Fortin Park,17.86,1.26,2.882563575,0.231111721
7/20/2018,Charlotte Creek,Fortin Park,16.6,1.26,2.809402695,0.231111721
7/20/2018,Charlotte Creek,Fortin Park,17.65,1.21,2.870735783,0.19062036
7/20/2018,Charlotte Creek,Fortin Park,17.39,1.15,2.855895328,0.139761942
7/20/2018,Charlotte Creek,Fortin Park,16.17,0.86,2.783157674,-0.15082289
7/20/2018,Charlotte Creek,Fortin Park,14.92,0.72,2.702702595,-0.328504067
7/20/2018,Charlotte Creek,Fortin Park,14.91,0.68,2.702032129,-0.385662481
7/20/2018,Charlotte Creek,Fortin Park,10.77,0.29,2.376764491,-1.237874356
7/20/2018,Charlotte Creek,Fortin Park,11.01,0.28,2.398803951,-1.272965676
7/20/2018,Charlotte Creek,Fortin Park,6.33,0.24,1.845300236,-1.427116356
7/12/2019,Susquehanna River,Cooperstown Dam,43.55,16.12,3.773909703,2.779812567
7/12/2019,Susquehanna River,Cooperstown Dam,39.48,12.79,3.675794215,2.548585426
7/12/2019,Susquehanna River,Cooperstown Dam,37.06,12.5,3.612538221,2.525888632
7/12/2019,Susquehanna River,Cooperstown Dam,29.32,8.29,3.378269877,2.114929335
7/12/2019,Susquehanna River,Cooperstown Dam,33.11,8.11,3.499835352,2.093467713
7/12/2019,Susquehanna River,Cooperstown Dam,27.43,7.75,3.311637305,2.047305672
7/12/2019,Susquehanna River,Cooperstown Dam,31.05,6.26,3.435598808,1.833700837
7/12/2019,Susquehanna River,Cooperstown Dam,24.03,5.53,3.17930305,1.710187816
7/12/2019,Susquehanna River,Cooperstown Dam,34.56,5.5,3.542696944,1.704748092
7/12/2019,Susquehanna River,Cooperstown Dam,27.87,5.47,3.327550841,1.699278616
7/12/2019,Susquehanna River,Cooperstown Dam,28.66,5.34,3.355502422,1.674288885
7/12/2019,Susquehanna River,Cooperstown Dam,27.98,5.29,3.331489969,1.665061816
7/12/2019,Susquehanna River,Cooperstown Dam,28.75,5.12,3.358637767,1.633544988
7/12/2019,Susquehanna River,Cooperstown Dam,28.3,4.94,3.342861805,1.596960391
7/12/2019,Susquehanna River,Cooperstown Dam,27.1,4.92,3.299533728,1.593105258
7/12/2019,Susquehanna River,Cooperstown Dam,27.09,4.49,3.299164656,1.500738496
7/12/2019,Susquehanna River,Cooperstown Dam,33.64,4.41,3.515715835,1.482967248
7/12/2019,Susquehanna River,Cooperstown Dam,27.1,4.39,3.299533728,1.478873542
7/12/2019,Susquehanna River,Cooperstown Dam,26.68,4.37,3.283914221,1.47453415
7/12/2019,Susquehanna River,Cooperstown Dam,28.06,4.35,3.334345075,1.469025759
7/12/2019,Susquehanna River,Cooperstown Dam,26.29,4.07,3.269188639,1.403397269
7/12/2019,Susquehanna River,Cooperstown Dam,24.61,3.93,3.203152864,1.367621096
7/12/2019,Susquehanna River,Cooperstown Dam,25.67,3.75,3.245322995,1.322289031
7/12/2019,Susquehanna River,Cooperstown Dam,24.86,3.5,3.213260086,1.252762968
7/12/2019,Susquehanna River,Cooperstown Dam,25.19,3.49,3.22644709,1.248754947
7/12/2019,Susquehanna River,Cooperstown Dam,24.99,3.46,3.218475745,1.241268589
7/12/2019,Susquehanna River,Cooperstown Dam,24.84,3.33,3.212455257,1.203572724
7/12/2019,Susquehanna River,Cooperstown Dam,24.66,3.09,3.205182498,1.128171091
7/12/2019,Susquehanna River,Cooperstown Dam,23.22,2.97,3.145013976,1.088561953
7/12/2019,Susquehanna River,Cooperstown Dam,24.45,2.87,3.196630216,1.053266187
7/12/2019,Susquehanna River,Cooperstown Dam,22.73,2.84,3.123685638,1.043451877
7/12/2019,Susquehanna River,Cooperstown Dam,22.64,2.81,3.119718253,1.032472486
7/12/2019,Susquehanna River,Cooperstown Dam,22.03,2.78,3.092405161,1.022450928
7/12/2019,Susquehanna River,Cooperstown Dam,22.07,2.77,3.09421922,1.018125038
7/12/2019,Susquehanna River,Cooperstown Dam,24.49,2.76,3.198264871,1.013780353
7/12/2019,Susquehanna River,Cooperstown Dam,23.76,2.55,3.168003494,0.937660758
7/12/2019,Susquehanna River,Cooperstown Dam,22.25,2.53,3.102342009,0.929404371
7/12/2019,Susquehanna River,Cooperstown Dam,22.77,2.5,3.12544388,0.916290732
7/12/2019,Susquehanna River,Cooperstown Dam,20.95,2.32,3.042138646,0.840273245
7/12/2019,Susquehanna River,Cooperstown Dam,24.15,2.28,3.18428438,0.825490368
7/12/2019,Susquehanna River,Cooperstown Dam,21.39,2.26,3.062923523,0.814036498
7/12/2019,Susquehanna River,Cooperstown Dam,21.32,2.26,3.059645599,0.813149973
7/12/2019,Susquehanna River,Cooperstown Dam,20.85,2.18,3.037353948,0.779324877
7/12/2019,Susquehanna River,Cooperstown Dam,21.33,2.17,3.060114532,0.776108701
7/12/2019,Susquehanna River,Cooperstown Dam,21.79,2.06,3.081451149,0.724645848
7/12/2019,Susquehanna River,Cooperstown Dam,21.91,1.96,3.086943154,0.673454547
7/12/2019,Susquehanna River,Cooperstown Dam,20.91,1.9,3.040227513,0.641853886
7/12/2019,Susquehanna River,Cooperstown Dam,21.07,1.87,3.047850228,0.626473047
7/12/2019,Susquehanna River,Cooperstown Dam,20.69,1.82,3.029650492,0.598836501
7/12/2019,Susquehanna River,Cooperstown Dam,20.16,1.73,3.003700443,0.548121409
7/12/2019,Susquehanna River,Cooperstown Dam,19.64,1.57,2.977568303,0.449162963
7/12/2019,Susquehanna River,Cooperstown Dam,18.61,1.49,2.923699071,0.396087946
7/12/2019,Susquehanna River,Cooperstown Dam,19.08,1.48,2.948640666,0.392717535
7/12/2019,Susquehanna River,Cooperstown Dam,19.21,1.45,2.955430977,0.368109322
7/12/2019,Susquehanna River,Cooperstown Dam,17.93,1.38,2.886475288,0.322083499
7/12/2019,Susquehanna River,Cooperstown Dam,18.13,1.36,2.897568025,0.308954208
7/12/2019,Susquehanna River,Cooperstown Dam,17.22,1.31,2.846071499,0.270027137
7/12/2019,Susquehanna River,Cooperstown Dam,19.42,1.22,2.966303463,0.198850859
7/12/2019,Susquehanna River,Cooperstown Dam,14.41,0.8,2.66792241,-0.223143551
7/12/2019,Susquehanna River,Cooperstown Dam,16.25,0.63,2.788092909,-0.465215113
7/12/2019,Susquehanna River,Cooperstown Dam,13.75,0.62,2.621038824,-0.47320876
7/12/2019,Susquehanna River,Cooperstown Dam,15.5,0.62,2.740840024,-0.479650006
7/16/2019,Susquehanna River,Colliersville,24.54,4.79,,
7/16/2019,Susquehanna River,Colliersville,40.87,17.07,3.710396298,2.837205365
7/16/2019,Susquehanna River,Colliersville,39.41,14.43,3.674019591,2.669101451
7/16/2019,Susquehanna River,Colliersville,40.84,14.23,3.709661993,2.655141568
7/16/2019,Susquehanna River,Colliersville,37.85,13.89,3.63363098,2.630953151
7/16/2019,Susquehanna River,Colliersville,39.61,13.37,3.679081612,2.59263935
7/16/2019,Susquehanna River,Colliersville,37.22,13.26,3.616846251,2.58445028
7/16/2019,Susquehanna River,Colliersville,36.74,11.96,3.60386608,2.481734959
7/16/2019,Susquehanna River,Colliersville,37.82,11.9,3.632838063,2.476454363
7/16/2019,Susquehanna River,Colliersville,35.23,11.05,3.561897992,2.402701884
7/16/2019,Susquehanna River,Colliersville,34.7,10.52,3.546739687,2.352992996
7/16/2019,Susquehanna River,Colliersville,36.41,10.42,3.594843462,2.343727036
7/16/2019,Susquehanna River,Colliersville,36.09,9.98,3.586015819,2.300482885
7/16/2019,Susquehanna River,Colliersville,34.84,9.71,3.550766152,2.27305329
7/16/2019,Susquehanna River,Colliersville,31.53,9.43,3.450939474,2.243577912
7/16/2019,Susquehanna River,Colliersville,34.11,9.25,3.529590596,2.224407312
7/16/2019,Susquehanna River,Colliersville,32.96,9.04,3.495294705,2.201659174
7/16/2019,Susquehanna River,Colliersville,34.56,8.94,3.542696944,2.19064744
7/16/2019,Susquehanna River,Colliersville,32.16,8.59,3.470723444,2.150249432
7/16/2019,Susquehanna River,Colliersville,32.1,8.57,3.46885603,2.147917613
7/16/2019,Susquehanna River,Colliersville,30.82,8.57,3.42816383,2.147800879
7/16/2019,Susquehanna River,Colliersville,32.41,8.32,3.478467017,2.118061113
7/16/2019,Susquehanna River,Colliersville,31.86,8.27,3.461351304,2.1129972
7/16/2019,Susquehanna River,Colliersville,30.86,7.69,3.429460847,2.040440804
7/16/2019,Susquehanna River,Colliersville,31.23,7.56,3.441379171,2.023267937
7/16/2019,Susquehanna River,Colliersville,31.03,7.31,3.434954478,1.989380063
7/16/2019,Susquehanna River,Colliersville,29.47,6.91,3.383372797,1.933114345
7/16/2019,Susquehanna River,Colliersville,31.45,6.87,3.448398983,1.926872943
7/16/2019,Susquehanna River,Colliersville,29.24,6.65,3.375537635,1.894917561
7/16/2019,Susquehanna River,Colliersville,28.26,6.53,3.341447377,1.876713175
7/16/2019,Susquehanna River,Colliersville,30.68,6.41,3.423610976,1.858171235
7/16/2019,Susquehanna River,Colliersville,25.33,6.37,3.231989464,1.851128401
7/16/2019,Susquehanna River,Colliersville,29.55,6.35,3.386083744,1.848612281
7/16/2019,Susquehanna River,Colliersville,30.14,6.28,3.405853193,1.837051458
7/16/2019,Susquehanna River,Colliersville,29.36,6.22,3.379633204,1.827448312
7/16/2019,Susquehanna River,Colliersville,26.65,6.16,3.282789151,1.81726476
7/16/2019,Susquehanna River,Colliersville,26.58,6.09,3.280159053,1.807140571
7/16/2019,Susquehanna River,Colliersville,29.39,6.07,3.38065448,1.803852717
7/16/2019,Susquehanna River,Colliersville,28.54,5.96,3.351306612,1.78557371
7/16/2019,Susquehanna River,Colliersville,28.32,5.92,3.343568269,1.778843077
7/16/2019,Susquehanna River,Colliersville,28.44,5.7,3.347796605,1.740290721
7/16/2019,Susquehanna River,Colliersville,28.52,5.55,3.350605596,1.712896621
7/16/2019,Susquehanna River,Colliersville,27.62,5.26,3.318540148,1.660891194
7/16/2019,Susquehanna River,Colliersville,27.29,5.16,3.306520335,1.640548907
7/16/2019,Susquehanna River,Colliersville,28,5,3.33220451,1.609637892
7/16/2019,Susquehanna River,Colliersville,25.51,4.79,3.239070532,1.566112788
7/16/2019,Susquehanna River,Colliersville,26.08,4.66,3.261168737,1.53815671
7/16/2019,Susquehanna River,Colliersville,24.86,4.54,3.213260086,1.511825084
7/16/2019,Susquehanna River,Colliersville,25.88,4.42,3.25347047,1.486818199
7/16/2019,Susquehanna River,Colliersville,24.39,4.42,3.194173212,1.486365915
7/16/2019,Susquehanna River,Colliersville,24.66,4.33,3.205182498,1.465798462
7/16/2019,Susquehanna River,Colliersville,24.86,4.29,3.213260086,1.456519806
7/16/2019,Susquehanna River,Colliersville,25.57,4.25,3.241419789,1.446212851
7/16/2019,Susquehanna River,Colliersville,24.72,4.11,3.207612633,1.412692835
7/16/2019,Susquehanna River,Colliersville,25.97,4.08,3.256942026,1.4070769
7/16/2019,Susquehanna River,Colliersville,26.89,4.07,3.29175447,1.403151478
7/16/2019,Susquehanna River,Colliersville,23.81,3.81,3.17010566,1.336315991
7/16/2019,Susquehanna River,Colliersville,24.38,3.76,3.193763124,1.323354561
7/16/2019,Susquehanna River,Colliersville,24.43,3.74,3.195811885,1.318818196
7/16/2019,Susquehanna River,Colliersville,23.16,3.7,3.142426653,1.309413317
7/16/2019,Susquehanna River,Colliersville,24.91,3.67,3.215269329,1.299646554
7/16/2019,Susquehanna River,Colliersville,23.8,3.64,3.169685581,1.291983682
7/16/2019,Susquehanna River,Colliersville,25.07,3.59,3.221671912,1.277873612
7/16/2019,Susquehanna River,Colliersville,21.76,3.47,3.080073422,1.244730797
7/16/2019,Susquehanna River,Colliersville,23.84,3.45,3.171364842,1.239243418
7/16/2019,Susquehanna River,Colliersville,24.81,3.45,3.211246798,1.236923904
7/16/2019,Susquehanna River,Colliersville,23.5,3.41,3.157000421,1.226712291
7/16/2019,Susquehanna River,Colliersville,23.62,3.33,3.162093811,1.202671959
7/16/2019,Susquehanna River,Colliersville,22.4,3.17,3.109060959,1.153731588
7/16/2019,Susquehanna River,Colliersville,22.77,3.07,3.12544388,1.122979645
7/16/2019,Susquehanna River,Colliersville,23.04,3.06,3.137231836,1.119721252
7/16/2019,Susquehanna River,Colliersville,22.72,3.02,3.123245594,1.10426296
7/16/2019,Susquehanna River,Colliersville,22.34,2.95,3.106378794,1.080108817
7/16/2019,Susquehanna River,Colliersville,22.68,2.79,3.121483479,1.027474261
7/16/2019,Susquehanna River,Colliersville,22.41,2.79,3.109507288,1.026041596
7/16/2019,Susquehanna River,Colliersville,23.09,2.71,3.139399623,0.996948635
7/16/2019,Susquehanna River,Colliersville,21.72,2.71,3.078233495,0.995841011
7/16/2019,Susquehanna River,Colliersville,21.57,2.61,3.07130346,0.957432675
7/16/2019,Susquehanna River,Colliersville,21.6,2.53,3.072693315,0.929799082
7/16/2019,Susquehanna River,Colliersville,15.99,2.53,2.771963527,0.928219303
7/16/2019,Susquehanna River,Colliersville,21.53,2.51,3.069447311,0.918687856
7/16/2019,Susquehanna River,Colliersville,23.53,2.42,3.158276203,0.88376754
7/16/2019,Susquehanna River,Colliersville,20.19,2.36,3.005187432,0.8582378
7/16/2019,Susquehanna River,Colliersville,22.52,2.32,3.114403803,0.840704745
7/16/2019,Susquehanna River,Colliersville,20.02,2.32,2.996731774,0.839409688
7/16/2019,Susquehanna River,Colliersville,20.15,2.2,3.003204288,0.788911803
7/16/2019,Susquehanna River,Colliersville,21.17,2.2,3.052585085,0.78845736
7/16/2019,Susquehanna River,Colliersville,19.96,2.13,2.993730271,0.75612198
7/16/2019,Susquehanna River,Colliersville,21.4,2.07,3.063390922,0.726098281
7/16/2019,Susquehanna River,Colliersville,18.6,2.06,2.923161581,0.721734637
7/16/2019,Susquehanna River,Colliersville,20.29,2.04,3.010128154,0.713439884
7/16/2019,Susquehanna River,Colliersville,19.1,2,2.949688335,0.69214668
7/16/2019,Susquehanna River,Colliersville,19.42,1.99,2.966303463,0.687632
7/16/2019,Susquehanna River,Colliersville,19.32,1.99,2.961140829,0.685618914
7/16/2019,Susquehanna River,Colliersville,19.43,1.95,2.966818263,0.669878554
7/16/2019,Susquehanna River,Colliersville,17.47,1.92,2.860485124,0.653886467
7/16/2019,Susquehanna River,Colliersville,19.51,1.88,2.970927155,0.629141851
7/16/2019,Susquehanna River,Colliersville,18.4,1.78,2.912350665,0.578297339
7/16/2019,Susquehanna River,Colliersville,19.59,1.78,2.975019232,0.577175004
7/16/2019,Susquehanna River,Colliersville,20.27,1.74,3.00914196,0.552735027
7/16/2019,Susquehanna River,Colliersville,19.02,1.69,2.945491057,0.524136638
7/16/2019,Susquehanna River,Colliersville,19.67,1.65,2.979094632,0.500775288
7/16/2019,Susquehanna River,Colliersville,19.69,1.62,2.980110893,0.47995396
7/16/2019,Susquehanna River,Colliersville,19.35,1.54,2.962692419,0.433728573
7/16/2019,Susquehanna River,Colliersville,17.6,1.38,2.867898902,0.322083499
7/16/2019,Susquehanna River,Colliersville,17.75,1.27,2.876385516,0.240590465
7/16/2019,Susquehanna River,Colliersville,15.36,1.25,2.731766728,0.226338442
7/16/2019,Susquehanna River,Colliersville,18.17,1.24,2.899771882,0.215917506
7/16/2019,Susquehanna River,Colliersville,14.1,0.68,2.646174797,-0.391562203
7/16/2019,Susquehanna River,Colliersville,10.31,0.21,2.333114298,-1.551169004
7/16/2019,Susquehanna River,Colliersville,10.23,0.17,2.32532458,-1.754463684
7/16/2019,Susquehanna River,Colliersville,7.02,0.05,1.948763218,-2.95651156
7/18/2019,Charlotte Creek,Fortin Park,37.21,11.77,3.616577542,2.465553921
7/18/2019,Charlotte Creek,Fortin Park,36.02,11.03,3.58407434,2.400346811
7/18/2019,Charlotte Creek,Fortin Park,34.11,9.53,3.529590596,2.254654559
7/18/2019,Charlotte Creek,Fortin Park,32.74,8.28,3.488597572,2.11335976
7/18/2019,Charlotte Creek,Fortin Park,32.21,7.99,3.175968324,2.07819076
7/18/2019,Charlotte Creek,Fortin Park,32.69,7.67,3.487069221,2.037186229
7/18/2019,Charlotte Creek,Fortin Park,32.67,7.65,3.486457226,2.034313414
7/18/2019,Charlotte Creek,Fortin Park,30.69,7.49,3.423936869,2.013034609
7/18/2019,Charlotte Creek,Fortin Park,30.57,7.32,3.420019136,1.989927034
7/18/2019,Charlotte Creek,Fortin Park,30.9,7.05,3.268427604,1.953453058
7/18/2019,Charlotte Creek,Fortin Park,29.92,6.98,3.398527153,1.942332328
7/18/2019,Charlotte Creek,Fortin Park,30.21,6.92,3.408172995,1.934560268
7/18/2019,Charlotte Creek,Fortin Park,31.51,6.88,3.450304956,1.928037088
7/18/2019,Charlotte Creek,Fortin Park,30.13,6.86,3.405521353,1.926144664
7/18/2019,Charlotte Creek,Fortin Park,30.88,6.81,3.430108725,1.918538952
7/18/2019,Charlotte Creek,Fortin Park,30.71,6.81,3.424588334,1.918245267
7/18/2019,Charlotte Creek,Fortin Park,30.57,6.54,3.420019136,1.877325358
7/18/2019,Charlotte Creek,Fortin Park,30.72,6.48,3.424913908,1.86872051
7/18/2019,Charlotte Creek,Fortin Park,28.45,6.48,3.348148161,1.868411821
7/18/2019,Charlotte Creek,Fortin Park,27.89,5.9,3.328268202,1.774104534
7/18/2019,Charlotte Creek,Fortin Park,29.37,5.88,3.379973745,1.77189684
7/18/2019,Charlotte Creek,Fortin Park,29.07,5.81,3.369706715,1.760096789
7/18/2019,Charlotte Creek,Fortin Park,28.98,5.8,3.366605937,1.758202686
7/18/2019,Charlotte Creek,Fortin Park,27.58,5.78,3.317090872,1.754749644
7/18/2019,Charlotte Creek,Fortin Park,29.77,5.77,,
7/18/2019,Charlotte Creek,Fortin Park,28.66,5.62,3.355502422,1.725797714
7/18/2019,Charlotte Creek,Fortin Park,28.66,5.59,3.355502422,1.72044247
7/18/2019,Charlotte Creek,Fortin Park,29.15,5.57,3.372454913,1.717933509
7/18/2019,Charlotte Creek,Fortin Park,29.16,5.56,3.372797907,1.715777948
7/18/2019,Charlotte Creek,Fortin Park,28,5.31,3.33220451,1.669403494
7/18/2019,Charlotte Creek,Fortin Park,27.97,5.25,3.331132507,1.658799342
7/18/2019,Charlotte Creek,Fortin Park,26.94,5.25,3.293612171,1.658418535
7/18/2019,Charlotte Creek,Fortin Park,28.3,5.19,3.321071337,1.647504113
7/18/2019,Charlotte Creek,Fortin Park,26.95,5.19,3.293983297,1.647311565
7/18/2019,Charlotte Creek,Fortin Park,27.41,5.16,3.31090791,1.640161085
7/18/2019,Charlotte Creek,Fortin Park,26.57,5.15,3.27978276,1.63860829
7/18/2019,Charlotte Creek,Fortin Park,27.69,5.13,3.430756184,1.63471572
7/18/2019,Charlotte Creek,Fortin Park,27.22,5.05,3.303951997,1.619388243
7/18/2019,Charlotte Creek,Fortin Park,26.97,5.03,3.294725137,1.616214897
7/18/2019,Charlotte Creek,Fortin Park,27.09,4.84,3.299164656,1.576294694
7/18/2019,Charlotte Creek,Fortin Park,27.52,4.83,3.314913013,1.574639407
7/18/2019,Charlotte Creek,Fortin Park,27.65,4.82,3.319625728,1.573603459
7/18/2019,Charlotte Creek,Fortin Park,27.54,4.81,3.315639493,1.569657042
7/18/2019,Charlotte Creek,Fortin Park,27.48,4.77,3.342861805,1.562765504
7/18/2019,Charlotte Creek,Fortin Park,27.65,4.75,3.319625728,1.557723477
7/18/2019,Charlotte Creek,Fortin Park,26.06,4.68,3.260401572,1.542870668
7/18/2019,Charlotte Creek,Fortin Park,27.47,4.55,3.3130945,1.515346989
7/18/2019,Charlotte Creek,Fortin Park,26.96,4.36,3.294354286,1.472472057
7/18/2019,Charlotte Creek,Fortin Park,26.27,4.26,3.001217204,1.449973138
7/18/2019,Charlotte Creek,Fortin Park,26.9,4.23,3.292126287,1.442438372
7/18/2019,Charlotte Creek,Fortin Park,24.75,4.16,3.208825489,1.42575543
7/18/2019,Charlotte Creek,Fortin Park,26.71,4.08,3.285038027,1.406096988
7/18/2019,Charlotte Creek,Fortin Park,25.83,4.05,3.251536607,1.397728739
7/18/2019,Charlotte Creek,Fortin Park,26.06,3.92,3.260401572,1.364815329
7/18/2019,Charlotte Creek,Fortin Park,25,3.73,3.218875825,1.317480045
7/18/2019,Charlotte Creek,Fortin Park,26.6,3.73,3.280911216,1.3172122
7/18/2019,Charlotte Creek,Fortin Park,25.04,3.69,3.220474546,1.305084306
7/18/2019,Charlotte Creek,Fortin Park,24.92,3.67,3.215670694,1.300736473
7/18/2019,Charlotte Creek,Fortin Park,23.95,3.49,2.907447359,1.251047212
7/18/2019,Charlotte Creek,Fortin Park,23.93,3.4,3.175132902,1.224363494
7/18/2019,Charlotte Creek,Fortin Park,24.14,3.3,3.183870216,1.193619392
7/18/2019,Charlotte Creek,Fortin Park,22.65,3.23,3.120159852,1.173410499
7/18/2019,Charlotte Creek,Fortin Park,22.19,3.23,3.099641737,1.172791687
7/18/2019,Charlotte Creek,Fortin Park,24.19,3.23,3.185939325,1.17124298
7/18/2019,Charlotte Creek,Fortin Park,24.61,3.21,3.203152864,1.166582415
7/18/2019,Charlotte Creek,Fortin Park,22.7,3.05,3.122364924,1.113500901
7/18/2019,Charlotte Creek,Fortin Park,22.95,2.97,3.133317937,1.087888325
7/18/2019,Charlotte Creek,Fortin Park,23.44,2.78,3.154443965,1.022810575
7/18/2019,Charlotte Creek,Fortin Park,22.53,2.7,3.114847754,0.991398204
7/18/2019,Charlotte Creek,Fortin Park,22.43,2.68,3.472276963,0.984323142
7/18/2019,Charlotte Creek,Fortin Park,22.5,2.59,3.113515309,0.952043902
7/18/2019,Charlotte Creek,Fortin Park,21.77,2.4,3.080532875,0.875885317
7/18/2019,Charlotte Creek,Fortin Park,21.53,2.4,3.069447311,0.874635057
7/18/2019,Charlotte Creek,Fortin Park,20.8,2.3,3.034952987,0.834646743
7/18/2019,Charlotte Creek,Fortin Park,19.65,2.14,2.978077338,0.759402976
7/18/2019,Charlotte Creek,Fortin Park,20.09,2.08,3.000222179,0.732367894
7/18/2019,Charlotte Creek,Fortin Park,20.11,2.04,3.31090791,0.714908672
7/18/2019,Charlotte Creek,Fortin Park,18.31,1.59,3.313458467,0.460584407
7/18/2019,Charlotte Creek,Fortin Park,7.92,0.11,2.069391206,-2.171556831
7/18/2019,Charlotte Creek,Fortin Park,8.28,0.11,,
7/22/2019,Otego Creek,Route 23,39.64,14.41,3.679838709,2.66792241
7/22/2019,Otego Creek,Route 23,36.35,10.97,3.593194204,2.395255428
7/22/2019,Otego Creek,Route 23,33.24,10.56,3.50375397,2.357167971
7/22/2019,Otego Creek,Route 23,33.26,9.22,3.504355474,2.221808783
7/22/2019,Otego Creek,Route 23,32.76,8.17,3.489208259,2.100101644
7/22/2019,Otego Creek,Route 23,31.76,7.48,3.458207636,2.012633781
7/22/2019,Otego Creek,Route 23,30.76,7.47,3.426215145,2.011430331
7/22/2019,Otego Creek,Route 23,32.15,6.83,3.470412451,1.921617456
7/22/2019,Otego Creek,Route 23,30.04,6.55,3.402529827,1.878701399
7/22/2019,Otego Creek,Route 23,29.92,6.46,3.398527153,1.865009931
7/22/2019,Otego Creek,Route 23,29.75,6.34,3.392829132,1.84640547
7/22/2019,Otego Creek,Route 23,29.22,6.27,3.374853406,1.835935832
7/22/2019,Otego Creek,Route 23,29.45,6.25,3.38269391,1.832101349
7/22/2019,Otego Creek,Route 23,30.18,6.19,3.407179453,1.823419622
7/22/2019,Otego Creek,Route 23,26.81,6.16,3.288774952,1.817589646
7/22/2019,Otego Creek,Route 23,30.86,6.03,3.429460847,1.796912834
7/22/2019,Otego Creek,Route 23,29.22,5.67,3.374853406,1.735718078
7/22/2019,Otego Creek,Route 23,28.56,5.52,3.352007137,1.709102236
7/22/2019,Otego Creek,Route 23,27.05,5.45,3.297687005,1.695064998
7/22/2019,Otego Creek,Route 23,27.95,5.43,3.3304172,1.692675511
7/22/2019,Otego Creek,Route 23,27.08,5.42,3.298795448,1.689542157
7/22/2019,Otego Creek,Route 23,27.76,5.27,3.323596136,1.661081146
7/22/2019,Otego Creek,Route 23,27.01,5.23,3.296207168,1.654602464
7/22/2019,Otego Creek,Route 23,28.55,5.19,3.351656936,1.645962687
7/22/2019,Otego Creek,Route 23,28.33,5.04,3.343921314,1.618199418
7/22/2019,Otego Creek,Route 23,27.88,5.02,3.327909586,1.614027365
7/22/2019,Otego Creek,Route 23,27.8,4.88,3.324892125,1.5847353
7/22/2019,Otego Creek,Route 23,26.43,4.85,3.274499729,1.578566249
7/22/2019,Otego Creek,Route 23,25.77,4.75,3.249211025,1.558355122
7/22/2019,Otego Creek,Route 23,27.19,4.66,3.302849259,1.539659018
7/22/2019,Otego Creek,Route 23,25.41,4.65,3.235142797,1.537512173
7/22/2019,Otego Creek,Route 23,26.98,4.54,3.295095851,1.513807681
7/22/2019,Otego Creek,Route 23,27.11,4.52,3.299902664,1.50829073
7/22/2019,Otego Creek,Route 23,23.49,4.37,3.156574799,1.475677922
7/22/2019,Otego Creek,Route 23,25.97,4.32,3.256942026,1.463023894
7/22/2019,Otego Creek,Route 23,26,4.25,3.258096538,1.44738946
7/22/2019,Otego Creek,Route 23,26.13,4.25,3.26308408,1.44574182
7/22/2019,Otego Creek,Route 23,25.98,4.08,3.257327011,1.406342056
7/22/2019,Otego Creek,Route 23,25.41,4.03,3.235142797,1.393021682
7/22/2019,Otego Creek,Route 23,25.96,3.99,3.256556892,1.383039068
7/22/2019,Otego Creek,Route 23,25.02,3.98,3.219675505,1.38077918
7/22/2019,Otego Creek,Route 23,26.32,3.9,3.270329106,1.361489242
7/22/2019,Otego Creek,Route 23,25.99,3.85,3.257711849,1.34911157
7/22/2019,Otego Creek,Route 23,24.45,3.83,3.196630216,1.342081206
7/22/2019,Otego Creek,Route 23,24.73,3.82,3.208017082,1.341296995
7/22/2019,Otego Creek,Route 23,25.56,3.79,3.24102863,1.331310053
7/22/2019,Otego Creek,Route 23,24.98,3.69,3.218075505,1.304270526
7/22/2019,Otego Creek,Route 23,24.91,3.62,3.215269329,1.285091856
7/22/2019,Otego Creek,Route 23,24.45,3.59,3.196630216,1.277594944
7/22/2019,Otego Creek,Route 23,25.03,3.59,3.220075105,1.277316199
7/22/2019,Otego Creek,Route 23,25.01,3.58,3.219275745,1.274244857
7/22/2019,Otego Creek,Route 23,24.73,3.58,3.208017082,1.273965176
7/22/2019,Otego Creek,Route 23,25.37,3.46,3.233567374,1.240690387
7/22/2019,Otego Creek,Route 23,24.71,3.36,3.20720802,1.211345559
7/22/2019,Otego Creek,Route 23,24.79,3.31,3.210440346,1.198155919
7/22/2019,Otego Creek,Route 23,25.46,3.29,3.237108593,1.189366652
7/22/2019,Otego Creek,Route 23,23.95,3.23,3.175968324,1.172172492
7/22/2019,Otego Creek,Route 23,23.88,3.18,3.173041289,1.157824148
7/22/2019,Otego Creek,Route 23,24.63,3.17,3.203965212,1.154992622
7/22/2019,Otego Creek,Route 23,23.52,3.15,3.157851123,1.146767331
7/22/2019,Otego Creek,Route 23,24.22,3.11,3.187178738,1.134301131
7/22/2019,Otego Creek,Route 23,24.33,3.08,3.191710157,1.123955096
7/22/2019,Otego Creek,Route 23,25,3.06,3.218875825,1.119394828
7/22/2019,Otego Creek,Route 23,24.02,2.99,3.178886817,1.093901209
7/22/2019,Otego Creek,Route 23,23.47,2.89,3.15572301,1.0595249
7/22/2019,Otego Creek,Route 23,24.32,2.87,3.191299057,1.055704788
7/22/2019,Otego Creek,Route 23,23.54,2.87,3.158701102,1.053963537
7/22/2019,Otego Creek,Route 23,24.25,2.84,3.188416617,1.043804052
7/22/2019,Otego Creek,Route 23,23.21,2.8,3.14458322,1.030690272
7/22/2019,Otego Creek,Route 23,23.36,2.79,3.151025158,1.025324493
7/22/2019,Otego Creek,Route 23,22.89,2.67,3.130700134,0.983201437
7/22/2019,Otego Creek,Route 23,22.81,2.63,3.127199036,0.967744013
7/22/2019,Otego Creek,Route 23,21.55,2.38,3.070375817,0.867520568
7/22/2019,Otego Creek,Route 23,21.39,2.17,3.062923523,0.773343723
7/22/2019,Otego Creek,Route 23,19.48,1.88,2.969388298,0.63073972
7/22/2019,Otego Creek,Route 23,9.58,0.18,2.259677592,-1.731605546
7/22/2019,Otego Creek,Route 23,8.82,0.17,2.17702187,-1.771956842
7/22/2019,Otego Creek,Route 23,8.51,0.16,2.141241943,-1.857899272
7/22/2019,Otego Creek,Route 23,7.08,0.08,1.957273908,-2.590267165
7/23/2019,Butternut Creek,Bailey Road,39.27,14.62,3.670460869,2.682458851
7/23/2019,Butternut Creek,Bailey Road,39.47,12.68,3.67554089,2.539947082
7/23/2019,Butternut Creek,Bailey Road,37.01,11.9,3.611188146,2.476790469
7/23/2019,Butternut Creek,Bailey Road,37.88,11.6,3.634423268,2.450832669
7/23/2019,Butternut Creek,Bailey Road,34.14,11.15,3.530469717,2.411439498
7/23/2019,Butternut Creek,Bailey Road,33.69,9.07,3.517201057,2.204862004
7/23/2019,Butternut Creek,Bailey Road,32.94,8.3,3.494687725,2.116135026
7/23/2019,Butternut Creek,Bailey Road,31.63,7.82,3.454106037,2.056044964
7/23/2019,Butternut Creek,Bailey Road,31.91,7.5,3.46291944,2.014502941
7/23/2019,Butternut Creek,Bailey Road,32.03,7.39,3.466672964,2.000263044
7/23/2019,Butternut Creek,Bailey Road,31.06,7.22,3.435920818,1.976577906
7/23/2019,Butternut Creek,Bailey Road,31.06,7.12,3.435920818,1.962907725
7/23/2019,Butternut Creek,Bailey Road,31.92,7.09,3.463232773,1.958826374
7/23/2019,Butternut Creek,Bailey Road,32.62,6.83,3.484925597,1.921324674
7/23/2019,Butternut Creek,Bailey Road,30.58,6.68,3.420346201,1.898818542
7/23/2019,Butternut Creek,Bailey Road,28.84,6.62,3.361763312,1.890246416
7/23/2019,Butternut Creek,Bailey Road,28.35,6.55,3.34462703,1.87961771
7/23/2019,Butternut Creek,Bailey Road,30.58,6.46,3.420346201,1.865009931
7/23/2019,Butternut Creek,Bailey Road,32.03,6.4,3.466672964,1.855672795
7/23/2019,Butternut Creek,Bailey Road,29.9,6.37,3.39785848,1.851756443
7/23/2019,Butternut Creek,Bailey Road,30.97,6.34,3.433018994,1.847509484
7/23/2019,Butternut Creek,Bailey Road,30.15,6.21,3.406184923,1.826482905
7/23/2019,Butternut Creek,Bailey Road,29.02,5.78,3.367985247,1.754057602
7/23/2019,Butternut Creek,Bailey Road,27.04,5.61,3.297317251,1.72419415
7/23/2019,Butternut Creek,Bailey Road,29.93,5.6,3.398861322,1.722409391
7/23/2019,Butternut Creek,Bailey Road,27.43,5.49,3.311637305,1.702928256
7/23/2019,Butternut Creek,Bailey Road,27.83,5.27,3.326114576,1.661840591
7/23/2019,Butternut Creek,Bailey Road,27.34,5.1,3.308350831,1.629828602
7/23/2019,Butternut Creek,Bailey Road,27.61,5.05,3.318178026,1.618397654
7/23/2019,Butternut Creek,Bailey Road,27.46,5.01,3.3127304,1.610437413
7/23/2019,Butternut Creek,Bailey Road,29.86,4.87,3.396519792,1.582888577
7/23/2019,Butternut Creek,Bailey Road,27.7,4.74,3.321432413,1.556037136
7/23/2019,Butternut Creek,Bailey Road,26.93,4.57,3.293240907,1.519075472
7/23/2019,Butternut Creek,Bailey Road,26.95,4.52,3.293983297,1.508069418
7/23/2019,Butternut Creek,Bailey Road,25.71,4.45,3.246880021,1.491779869
7/23/2019,Butternut Creek,Bailey Road,26.65,4.43,3.282789151,1.488173825
7/23/2019,Butternut Creek,Bailey Road,27.13,4.27,3.300640127,1.451847992
7/23/2019,Butternut Creek,Bailey Road,24.59,4.1,3.202339856,1.41147466
7/23/2019,Butternut Creek,Bailey Road,25.49,4.08,3.238286218,1.406342056
7/23/2019,Butternut Creek,Bailey Road,27.21,4.08,3.303584553,1.405116115
7/23/2019,Butternut Creek,Bailey Road,25.62,4.05,3.243373296,1.397481551
7/23/2019,Butternut Creek,Bailey Road,27.29,3.96,3.306520335,1.376244025
7/23/2019,Butternut Creek,Bailey Road,26.98,3.9,3.295095851,1.360976553
7/23/2019,Butternut Creek,Bailey Road,24.6,3.81,3.202746443,1.338416281
7/23/2019,Butternut Creek,Bailey Road,25.19,3.81,3.22644709,1.337104117
7/23/2019,Butternut Creek,Bailey Road,24.81,3.77,3.211246798,1.326544357
7/23/2019,Butternut Creek,Bailey Road,25.05,3.65,3.220873828,1.293630676
7/23/2019,Butternut Creek,Bailey Road,28.41,3.63,3.346741196,1.28840586
7/23/2019,Butternut Creek,Bailey Road,24.22,3.6,3.187178738,1.28204434
7/23/2019,Butternut Creek,Bailey Road,26.84,3.57,3.289893312,1.272285445
7/23/2019,Butternut Creek,Bailey Road,24.86,3.49,3.213260086,1.248754947
7/23/2019,Butternut Creek,Bailey Road,22.54,3.41,3.115291509,1.225832139
7/23/2019,Butternut Creek,Bailey Road,24.54,3.35,3.200304439,1.209258809
7/23/2019,Butternut Creek,Bailey Road,25.68,3.23,3.245712479,1.171552913
7/23/2019,Butternut Creek,Bailey Road,26.75,3.22,3.286534473,1.168449248
7/23/2019,Butternut Creek,Bailey Road,25.3,3.08,3.230804396,1.124929597
7/23/2019,Butternut Creek,Bailey Road,23.69,2.81,3.165053018,1.031759982
7/23/2019,Butternut Creek,Bailey Road,21.72,2.64,3.078233495,0.970778917
7/23/2019,Butternut Creek,Bailey Road,22.79,2.63,3.126321843,0.965842511
7/23/2019,Butternut Creek,Bailey Road,20.96,2.4,3.042615859,0.877134017
7/23/2019,Butternut Creek,Bailey Road,20.46,2.3,3.018471761,0.832039179
7/23/2019,Butternut Creek,Bailey Road,20.91,1.91,3.040227513,0.647626665
7/23/2019,Butternut Creek,Bailey Road,20.45,1.85,3.017982882,0.613021136
7/23/2019,Butternut Creek,Bailey Road,17.91,1.36,2.885359216,0.309688153
7/23/2019,Butternut Creek,Bailey Road,17.54,1.28,2.864483987,0.242946179
7/23/2019,Butternut Creek,Bailey Road,12.05,0.33,2.48906466,-1.105636904
7/23/2019,Butternut Creek,Bailey Road,8.3,0.15,2.116255515,-1.883874758
7/23/2019,Butternut Creek,Bailey Road,7.06,0.11,1.954445052,-2.234926445
7/23/2019,Butternut Creek,Bailey Road,8,0.1,2.079441542,-2.343407088
7/23/2019,Butternut Creek,Bailey Road,6.64,0.06,1.893111963,-2.780620894
8/5/2019,Susquehanna River,Fortin Park,39.7,18.48,3.681351188,2.916743177
8/5/2019,Susquehanna River,Fortin Park,34.82,13.37,3.550191934,2.593162969
8/5/2019,Susquehanna River,Fortin Park,38.88,13.11,3.66047998,2.573222731
8/5/2019,Susquehanna River,Fortin Park,38.97,12.66,3.662792119,2.538289426
8/5/2019,Susquehanna River,Fortin Park,38,12.48,3.63758616,2.523726642
8/5/2019,Susquehanna River,Fortin Park,38.16,12.33,3.641787847,2.512359677
8/5/2019,Susquehanna River,Fortin Park,37.64,12.02,3.628067315,2.486322314
8/5/2019,Susquehanna River,Fortin Park,36.88,11.5,3.607669399,2.442520933
8/5/2019,Susquehanna River,Fortin Park,36.18,11,3.58850648,2.397895273
8/5/2019,Susquehanna River,Fortin Park,35.8,10.71,3.577947893,2.371271251
8/5/2019,Susquehanna River,Fortin Park,36.8,10.55,3.605497845,2.35641018
8/5/2019,Susquehanna River,Fortin Park,32.16,10.39,3.470723444,2.340555024
8/5/2019,Susquehanna River,Fortin Park,37.6,10.04,3.62700405,2.306178629
8/5/2019,Susquehanna River,Fortin Park,35.12,9.92,3.558770769,2.29445211
8/5/2019,Susquehanna River,Fortin Park,37.44,9.84,3.622739652,2.286455711
8/5/2019,Susquehanna River,Fortin Park,35.77,9.58,3.577109553,2.259677592
8/5/2019,Susquehanna River,Fortin Park,32.56,9.55,3.483084541,2.256541154
8/5/2019,Susquehanna River,Fortin Park,34.14,9.5,3.530469717,2.251607538
8/5/2019,Susquehanna River,Fortin Park,32.69,9.31,3.487069221,2.230981674
8/5/2019,Susquehanna River,Fortin Park,32.22,9.23,3.472587378,2.222892324
8/5/2019,Susquehanna River,Fortin Park,29.52,8.89,3.385068,2.184477005
8/5/2019,Susquehanna River,Fortin Park,30.37,8.82,3.413455279,2.177361948
8/5/2019,Susquehanna River,Fortin Park,31.82,8.25,3.460095023,2.109728234
8/5/2019,Susquehanna River,Fortin Park,30.8,8.14,3.42751469,2.096298659
8/5/2019,Susquehanna River,Fortin Park,32.57,8.13,3.483391619,2.095314891
8/5/2019,Susquehanna River,Fortin Park,32.26,8.1,3.473828073,2.091740597
8/5/2019,Susquehanna River,Fortin Park,26.73,7.94,3.28578653,2.071283354
8/5/2019,Susquehanna River,Fortin Park,29.44,7.81,3.382354294,2.055276915
8/5/2019,Susquehanna River,Fortin Park,29.4,7.71,3.380994674,2.042388477
8/5/2019,Susquehanna River,Fortin Park,30.14,7.64,3.405853193,2.033528485
8/5/2019,Susquehanna River,Fortin Park,31.1,7.62,3.437207819,2.030645127
8/5/2019,Susquehanna River,Fortin Park,27.55,7.59,3.316002536,2.026172613
8/5/2019,Susquehanna River,Fortin Park,32.51,7.58,3.481547734,2.026040765
8/5/2019,Susquehanna River,Fortin Park,31.25,7.24,3.442019376,1.979068568
8/5/2019,Susquehanna River,Fortin Park,32.45,7.11,3.479700443,1.961361587
8/5/2019,Susquehanna River,Fortin Park,29.45,6.9,3.38269391,1.930796511
8/5/2019,Susquehanna River,Fortin Park,29.61,6.41,3.388112142,1.858171235
8/5/2019,Susquehanna River,Fortin Park,28.33,6.32,3.343921314,1.844035614
8/5/2019,Susquehanna River,Fortin Park,29.87,6.22,3.396854632,1.827287475
8/5/2019,Susquehanna River,Fortin Park,27.82,6.16,3.325755186,1.81726476
8/5/2019,Susquehanna River,Fortin Park,29.11,6.07,3.371081758,1.803358605
8/5/2019,Susquehanna River,Fortin Park,28.01,5.81,3.332561589,1.758891866
8/5/2019,Susquehanna River,Fortin Park,27.57,5.79,3.316728225,1.756650292
8/5/2019,Susquehanna River,Fortin Park,28.12,5.62,3.336481067,1.726153712
8/5/2019,Susquehanna River,Fortin Park,28.41,5.42,3.346741196,1.690649168
8/5/2019,Susquehanna River,Fortin Park,26.21,5.32,3.266141017,1.672224901
8/5/2019,Susquehanna River,Fortin Park,26.76,5.17,3.286908235,1.642679246
8/5/2019,Susquehanna River,Fortin Park,27.02,4.62,3.296577333,1.531043845
8/5/2019,Susquehanna River,Fortin Park,25.48,4.58,3.237893831,1.522571979
8/5/2019,Susquehanna River,Fortin Park,22.38,4.55,3.108167703,1.515786356
8/5/2019,Susquehanna River,Fortin Park,25.48,4.29,3.237893831,1.456519806
8/5/2019,Susquehanna River,Fortin Park,24.04,4.27,3.17971911,1.451847992
8/5/2019,Susquehanna River,Fortin Park,25.51,4.23,3.239070532,1.441492522
8/5/2019,Susquehanna River,Fortin Park,27.34,4.18,3.308350831,1.429353851
8/5/2019,Susquehanna River,Fortin Park,26.13,4.03,3.26308408,1.393021682
8/5/2019,Susquehanna River,Fortin Park,24.28,3.96,3.189652966,1.377253616
8/5/2019,Susquehanna River,Fortin Park,24.69,3.94,3.206398303,1.369910882
8/5/2019,Susquehanna River,Fortin Park,24.98,3.73,3.218075505,1.31560362
8/5/2019,Susquehanna River,Fortin Park,26.16,3.72,3.264231527,1.313185889
8/5/2019,Susquehanna River,Fortin Park,24.92,3.33,3.215670694,1.201770381
8/5/2019,Susquehanna River,Fortin Park,23.79,3.25,3.169265324,1.17711535
8/5/2019,Susquehanna River,Fortin Park,23.18,3.12,3.143289838,1.137512438
8/5/2019,Susquehanna River,Fortin Park,23.61,3.06,3.161670351,1.117434043
8/5/2019,Susquehanna River,Fortin Park,21.74,2.75,3.079153882,1.011964482
8/5/2019,Susquehanna River,Fortin Park,23.13,2.75,3.141130476,1.009781075
8/5/2019,Susquehanna River,Fortin Park,21.63,2.69,3.07408124,0.98842533
8/5/2019,Susquehanna River,Fortin Park,21.66,2.32,3.075467242,0.840273245
8/5/2019,Susquehanna River,Fortin Park,20.09,2.3,3.000222179,0.834646743
8/5/2019,Susquehanna River,Fortin Park,19.5,1.72,2.970414466,0.544647172
8/5/2019,Susquehanna River,Fortin Park,16.5,1.25,2.803360381,0.223143551
8/5/2019,Susquehanna River,Fortin Park,16.34,1.24,2.793616089,0.21107097
8/5/2019,Susquehanna River,Fortin Park,11.92,0.36,2.478217662,-1.03563749
8/5/2019,Susquehanna River,Fortin Park,11.75,0.35,2.463853241,-1.038458366
8/5/2019,Susquehanna River,Fortin Park,11.25,0.35,2.420368129,-1.044124103
8/5/2019,Susquehanna River,Fortin Park,10.85,0.32,2.38416508,-1.127011763
8/5/2019,Susquehanna River,Fortin Park,8.52,0.05,2.142416341,-2.995732274
8/6/2019,Wharton Creek,Route 80,39.26,13.9,3.670206189,2.63188884
8/6/2019,Wharton Creek,Route 80,35.32,10.96,3.564449376,2.393887251
8/6/2019,Wharton Creek,Route 80,38.25,10.7,3.64414356,2.370243741
8/6/2019,Wharton Creek,Route 80,36.93,10.69,3.609024229,2.36902805
8/6/2019,Wharton Creek,Route 80,32.71,10.48,3.487680842,2.349468679
8/6/2019,Wharton Creek,Route 80,33.74,8.83,3.518684077,2.177588603
8/6/2019,Wharton Creek,Route 80,32.62,8.35,3.484925597,2.121902193
8/6/2019,Wharton Creek,Route 80,30.54,7.29,3.4190373,1.987052092
8/6/2019,Wharton Creek,Route 80,30.76,6.19,3.426215145,1.822127006
8/6/2019,Wharton Creek,Route 80,30.62,6.17,3.42165339,1.819374636
8/6/2019,Wharton Creek,Route 80,29.78,6,3.393837027,1.791759469
8/6/2019,Wharton Creek,Route 80,27,5.86,3.295836866,1.767466777
8/6/2019,Wharton Creek,Route 80,27.03,5.27,3.29694736,1.662789088
8/6/2019,Wharton Creek,Route 80,26.98,4.96,3.295095851,1.600397168
8/6/2019,Wharton Creek,Route 80,29.77,4.82,3.393501175,1.573603459
8/6/2019,Wharton Creek,Route 80,24.01,4.79,3.17847041,1.56715652
8/6/2019,Wharton Creek,Route 80,26.9,4.67,3.292126287,1.541801264
8/6/2019,Wharton Creek,Route 80,24.71,4.54,3.20720802,1.513807681
8/6/2019,Wharton Creek,Route 80,27.38,4.53,3.30981282,1.510942666
8/6/2019,Wharton Creek,Route 80,24.71,4.51,3.20720802,1.506518858
8/6/2019,Wharton Creek,Route 80,24.02,4.4,3.178886817,1.482058983
8/6/2019,Wharton Creek,Route 80,26.85,4.37,3.290265821,1.474305238
8/6/2019,Wharton Creek,Route 80,25.73,4.36,3.247657626,1.473389068
8/6/2019,Wharton Creek,Route 80,27.69,4.28,3.321071337,1.454887153
8/6/2019,Wharton Creek,Route 80,24.02,4.26,3.178886817,1.449034391
8/6/2019,Wharton Creek,Route 80,23.03,4.21,3.136797714,1.437937594
8/6/2019,Wharton Creek,Route 80,25.54,4.21,3.240245851,1.437700149
8/6/2019,Wharton Creek,Route 80,25.1,4.17,3.222867846,1.427916036
8/6/2019,Wharton Creek,Route 80,26.51,4.15,3.27752202,1.423349269
8/6/2019,Wharton Creek,Route 80,25.45,4.1,3.236715743,1.409766717
8/6/2019,Wharton Creek,Route 80,25.12,4.02,3.223664342,1.390784266
8/6/2019,Wharton Creek,Route 80,24.88,4.01,3.214064268,1.387543581
8/6/2019,Wharton Creek,Route 80,26.18,3.97,3.26499576,1.379269746
8/6/2019,Wharton Creek,Route 80,24.05,3.96,3.180134997,1.376496519
8/6/2019,Wharton Creek,Route 80,25.79,3.93,3.24998682,1.367875776
8/6/2019,Wharton Creek,Route 80,24.68,3.91,3.205993199,1.363793096
8/6/2019,Wharton Creek,Route 80,23.5,3.63,3.157000421,1.288957128
8/6/2019,Wharton Creek,Route 80,22.69,3.4,3.121924299,1.223481271
8/6/2019,Wharton Creek,Route 80,24.45,3.38,3.196630216,1.217579808
8/6/2019,Wharton Creek,Route 80,24.1,3.37,3.18221184,1.214319096
8/6/2019,Wharton Creek,Route 80,22.72,3.18,3.123245594,1.156881197
8/6/2019,Wharton Creek,Route 80,21.03,3.08,3.04594999,1.123630052
8/6/2019,Wharton Creek,Route 80,22.27,3.04,3.103240481,1.112515194
8/6/2019,Wharton Creek,Route 80,24.3,3.03,3.19047635,1.10757203
8/6/2019,Wharton Creek,Route 80,22.45,2.93,3.111290614,1.075684784
8/6/2019,Wharton Creek,Route 80,20.66,2.93,3.028199464,1.073294481
8/6/2019,Wharton Creek,Route 80,23.21,2.87,3.14458322,1.053266187
8/6/2019,Wharton Creek,Route 80,22.92,2.81,3.132009892,1.031403539
8/6/2019,Wharton Creek,Route 80,21.75,2.78,3.079613758,1.021011043
8/6/2019,Wharton Creek,Route 80,23.08,2.74,3.138966442,1.008687581
8/6/2019,Wharton Creek,Route 80,22.06,2.73,3.093766014,1.004301609
8/6/2019,Wharton Creek,Route 80,22.59,2.71,3.11750733,0.99768637
8/6/2019,Wharton Creek,Route 80,21.91,2.71,3.086943154,0.995841011
8/6/2019,Wharton Creek,Route 80,20.23,2.69,3.007166651,0.987680728
8/6/2019,Wharton Creek,Route 80,22.77,2.67,3.12544388,0.980204058
8/6/2019,Wharton Creek,Route 80,22.62,2.63,3.118834471,0.968123881
8/6/2019,Wharton Creek,Route 80,21.88,2.48,3.085572978,0.907451783
8/6/2019,Wharton Creek,Route 80,23.16,2.47,3.142426653,0.905431989
8/6/2019,Wharton Creek,Route 80,21.35,2.39,3.06105174,0.870456196
8/6/2019,Wharton Creek,Route 80,22.11,2.38,3.096029995,0.864997437
8/6/2019,Wharton Creek,Route 80,20.44,2.35,3.017493765,0.854415328
8/6/2019,Wharton Creek,Route 80,21.4,2.29,3.063390922,0.828988403
8/6/2019,Wharton Creek,Route 80,18.68,2.11,2.927453433,0.745739631
8/6/2019,Wharton Creek,Route 80,18.61,1.99,2.923699071,0.687129108
8/6/2019,Wharton Creek,Route 80,16.31,1.97,2.791778417,0.678033543
8/6/2019,Wharton Creek,Route 80,20.45,1.92,3.017982882,0.650761464
8/6/2019,Wharton Creek,Route 80,19.14,1.62,2.951780386,0.483043243
8/6/2019,Wharton Creek,Route 80,17.69,1.16,2.872999508,0.151862349
8/6/2019,Wharton Creek,Route 80,15.51,0.85,2.741484977,-0.168418652
8/6/2019,Wharton Creek,Route 80,13,0.55,2.564949357,-0.599656837
8/6/2019,Wharton Creek,Route 80,12.03,0.4,2.48740353,-0.916290732
8/6/2019,Wharton Creek,Route 80,11.46,0.34,2.438862711,-1.081755172
8/6/2019,Wharton Creek,Route 80,10.04,0.24,2.306577114,-1.422958345
8/6/2019,Wharton Creek,Route 80,10.19,0.21,2.321406847,-1.551169004
8/6/2019,Wharton Creek,Route 80,9.17,0.18,2.215937286,-1.725971729
8/6/2019,Wharton Creek,Route 80,6.83,0.11,1.921324674,-2.216407397
